Date,BP,JNUG,TSLA
2015-07-02,5.143875732111014,6.4033512866547015,4.031209362808852
2015-07-06,1.6297428062133745,5.266307600239384,3.9197473527772697
2015-07-07,1.1204481792717047,-10.532615200478745,-0.4644250417982443
2015-07-08,-0.30557677616501744,-16.756433273488923,-5.275868474828139
2015-07-09,-0.35650623885917776,-14.183123877917414,-4.179825376184265
2015-07-10,1.6042780748662944,-14.063435068821061,-3.7154003343859987
2015-07-13,1.7570664629488197,-7.719928186714542,-2.600780234070188
2015-07-14,2.699261522790941,-10.77199281867145,-1.3003901170350662
2015-07-15,1.9607843137255054,-15.499700777977255,-2.229240200631577
2015-07-16,0.6875477463712976,-16.63674446439257,-0.9102730819245397
2015-07-17,-0.3819709702062468,-27.2292040694195,2.043470183912355
2015-07-20,-1.324166030048357,-52.363853979652895,4.8671744380457405
2015-07-21,-1.3750954927425396,-47.93536804308797,-0.891696080252613
2015-07-22,-3.463203463203446,-49.37163375224416,-0.48300204347014875
2015-07-23,-5.016552075375591,-54.578096947935364,-0.7245030652052509
2015-07-24,-6.875477463712743,-46.85816876122082,-1.393275125394744
2015-07-27,-8.199643493761133,-52.42369838420107,-6.000371540033411
2015-07-28,-5.042016806722671,-49.13225613405147,-1.6161991454578972
2015-07-29,-4.787369493251825,-46.02034709754638,-1.9877391788965082
2015-07-30,-4.048892284186378,-51.466187911430275,-0.8731190785806864
2015-07-31,-5.8568882098293695,-48.713345302214236,-1.1146201003157885
2015-08-03,-7.104660045836509,-53.3213644524237,-3.39959130596319
2015-08-04,-6.951871657753994,-52.004787552363865,-1.0588890952999863
2015-08-05,-8.658008658008642,-55.35607420706163,0.3715400334386443
2015-08-06,-8.63254392666154,-52.00478755236385,-8.54542076908783
2015-08-07,-9.141838553603232,-52.8426092160383,-9.90154189113872
2015-08-10,-7.613954672778178,-44.643925792938354,-10.40312093628084
2015-08-11,-8.199643493761123,-39.37761819269898,-11.814973063347534
2015-08-12,-7.20651897122484,-24.59605026929983,-11.517741036596652
2015-08-13,-8.53068500127322,-38.06104129263915,-9.901541891138733
2015-08-14,-8.912655971479477,-38.47995212447638,-9.66004086940363
2015-08-17,-9.523809523809511,-33.9317773788151,-5.257291473156189
2015-08-18,-10.236822001527878,-38.83901855176543,-3.139513282556139
2015-08-19,-11.739241151005853,-32.4955116696589,-5.164406464796533
2015-08-20,-12.452253628724197,-25.433871932974284,-10.013003901170304
2015-08-21,-15.533486121721396,-33.812088569718746,-14.267137284042308
2015-08-24,-20.575502928444088,-49.43147815679235,-18.688463681961675
2015-08-25,-21.79781003310414,-53.50089766606823,-18.242615641835368
2015-08-26,-20.804685510567854,-60.80191502094554,-16.459223481330078
2015-08-27,-15.889992360580585,-53.20167564332736,-9.71577187441942
2015-08-28,-15.304303539597653,-46.19988031119091,-7.67230169050711
2015-08-31,-14.591291061879286,-47.277079593058055,-7.467954672115873
2015-09-01,-18.156353450471073,-52.12447636146022,-11.33197101987735
2015-09-02,-18.00356506238856,-52.902453620586485,-7.969533717257981
2015-09-03,-17.4688057040998,-55.41591861160982,-8.768344789150984
2015-09-04,-21.823274764451206,-54.099341711549975,-10.105888909529948
2015-09-08,-20.015278838808225,-51.94494314781568,-7.802340702210609
2015-09-09,-21.313980137509525,-57.151406343506885,-7.523685677131664
2015-09-10,-20.524573465749896,-57.63016157989229,-7.6723016905070995
2015-09-11,-21.033868092691577,-56.01436265709157,-7.022106631989544
2015-09-14,-21.874204227145366,-54.9970077797726,-5.926063533345671
2015-09-15,-20.779220779220744,-55.29622980251347,-5.796024521642151
2015-09-16,-18.181818181818144,-47.63614602034711,-2.5636262307263014
2015-09-17,-18.232747644512315,-42.07061639736687,-2.63793423741403
2015-09-18,-20.830150241914914,-42.66906044284862,-3.1766672859000034
2015-09-21,-20.906544435956164,-48.11490125673251,-1.8391231655210283
2015-09-22,-22.612681436210803,-53.620586475164586,-3.0466282741964945
2015-09-23,-23.809523809523757,-54.45840813883904,-3.009474270852641
2015-09-24,-23.198370257193734,-47.456612806702594,-2.2478172023035037
2015-09-25,-22.510822510822457,-50.98743267504491,-4.551365409622843
2015-09-28,-25.18461930226631,-57.21125074805508,-7.690878692179048
2015-09-29,-24.548001018589204,-56.97187312986238,-8.35965075236853
2015-09-30,-22.17978100331036,-54.99700777977262,-7.709455693850975
2015-10-01,-21.16119174942699,-57.773788150807924,-10.867545978079107
2015-10-02,-17.188693659281828,-49.515260323159815,-8.025264722273784
2015-10-05,-14.718614718614663,-46.846199880311225,-8.54542076908783
2015-10-06,-12.630506748153758,-42.60921603830046,-10.291658926249259
2015-10-07,-9.065444359561958,-42.52543387193302,-13.82128924391598
2015-10-08,-8.428826075884842,-45.8767205266308,-15.771874419468645
2015-10-09,-8.428826075884842,-37.84560143626577,-18.001114620100267
2015-10-12,-9.931245225362828,-39.772591262716986,-19.895968790637152
2015-10-13,-11.560988031576224,-41.08916816277682,-18.53984766858624
2015-10-14,-10.058568882098252,-28.1029323758229,-19.41296674716696
2015-10-15,-9.14183855360321,-27.109515260323203,-17.778190600037114
2015-10-16,-8.6834733893557,-34.36265709156198,-15.660412409437075
2015-10-19,-11.026228673287463,-43.27947336924001,-15.25171837265461
2015-10-20,-10.949834479246212,-36.81627767803713,-20.84339587590559
2015-10-21,-10.51693404634577,-41.55595451825257,-21.939438974549464
2015-10-22,-8.530685001273197,-40.49072411729506,-21.3449749210477
2015-10-23,-9.039979628214889,-35.24835427887496,-22.310979007988074
2015-10-26,-10.746116628469537,-40.071813285457836,-20.026007802340672
2015-10-27,-11.331805449452471,-41.01735487731899,-21.84655396618982
2015-10-28,-8.989050165520718,-43.494913225613416,-20.880549879249443
2015-10-29,-9.065444359561969,-51.40634350688211,-21.363551922719637
2015-10-30,-9.090909090909049,-52.327947336924005,-23.109790079881066
2015-11-02,-7.613954672778167,-52.20825852782765,-20.564740850826634
2015-11-03,-5.194805194805163,-52.579293836026345,-22.589634033067018
2015-11-04,-7.410236822001492,-54.757630161579904,-13.932751253947561
2015-11-05,-9.472880061115319,-57.51047277079594,-13.895597250603696
2015-11-06,-10.542398777692853,-62.66906044284861,-13.672673230540532
2015-11-09,-11.179017061369956,-60.04787552363855,-16.273453464610753
2015-11-10,-11.459129106187882,-62.286056253740284,-19.561582760542397
2015-11-11,-12.426788897377094,-60.849790544584096,-18.59557867360202
2015-11-12,-14.693149987267596,-61.687612208258535,-20.880549879249422
2015-11-13,-14.998726763432602,-60.766008378216654,-23.0169050715214
2015-11-16,-12.197606315253351,-59.96409335727111,-20.378970834107314
2015-11-17,-12.961548255665868,-64.83542788749254,-20.490432844138894
2015-11-18,-10.618792971734104,-62.98025134649912,-17.871075608396737
2015-11-19,-10.236822001527845,-59.82046678635551,-17.592420583317793
2015-11-20,-12.324929971988752,-63.87791741472175,-18.261192643507272
2015-11-23,-12.350394703335832,-64.71573907839618,-19.09715771874413
2015-11-24,-10.898905016552018,-62.22621184919211,-18.91138770202483
2015-11-25,-10.898905016552018,-62.022740873728324,-14.67583132082475
2015-11-27,-11.306340718105378,-64.3087971274686,-13.951328255619478
2015-11-30,-11.89202953908831,-63.315380011968905,-14.452907300761597
2015-12-01,-11.45912910618787,-60.825852782764834,-11.870704068363313
2015-12-02,-13.878278584160885,-63.38719329742671,-13.802712242244041
2015-12-03,-15.304303539597619,-60.92160383004192,-13.542634218837012
2015-12-04,-16.80672268907558,-56.31358467983246,-14.397176295745806
2015-12-07,-20.39724980901446,-61.01735487731899,-14.11852127066686
2015-12-08,-20.371785077667383,-61.699581089168184,-15.771874419468634
2015-12-09,-18.99668958492483,-60.16756433273491,-16.589262493033573
2015-12-10,-19.022154316271912,-60.730101735487764,-15.641835407765136
2015-12-11,-21.59409218232743,-59.880311190903676,-19.375812743823097
2015-12-14,-23.04558186911123,-64.14123279473371,-18.78134869032133
2015-12-15,-21.69595110771576,-63.69838420107723,-17.852498606724822
2015-12-16,-21.390374331550742,-58.74326750448837,-12.873862158647542
2015-12-17,-22.714540361599123,-65.21843207660086,-13.282556195430006
2015-12-18,-23.223834988540816,-62.66906044284863,-14.37859929407388
2015-12-21,-23.274764451234986,-61.23279473369243,-13.598365223852815
2015-12-22,-21.59409218232742,-61.627767803710384,-14.564369310793168
2015-12-23,-17.621594092182256,-60.29922202274092,-14.657254319152823
2015-12-24,-18.2072829131652,-57.16337522441657,-14.341445290730015
2015-12-28,-19.251336898395653,-61.38839018551769,-14.93590934423178
2015-12-29,-18.843901196842317,-60.047875523638574,-11.870704068363302
2015-12-30,-20.269926152279048,-62.968282465589496,-11.536318038268556
2015-12-31,-20.39724980901446,-62.836624775583516,-10.83039197473521
2016-01-04,-20.906544435956153,-59.4015559545183,-16.997956529816026
2016-01-05,-21.23758594346825,-59.018551765409974,-16.9793795281441
2016-01-06,-22.841864018334558,-56.99581089168168,-18.614155675273945
2016-01-07,-25.057295645530896,-54.03949730700185,-19.87739178896519
2016-01-08,-26.381461675579278,-57.85757031717539,-21.605052944454695
2016-01-11,-26.559714795008873,-62.53740275284265,-22.775404049786296
2016-01-12,-27.043544690603472,-65.52962298025139,-21.995169979565233
2016-01-13,-26.737967914438453,-65.93656493117898,-25.580531302247756
2016-01-14,-21.492233256939098,-69.51526032315982,-23.388445104959988
2016-01-15,-25.744843391902172,-70.12567324955121,-23.834293145086317
2016-01-19,-26.355996944232196,-74.38659485338124,-23.945755155117897
2016-01-20,-27.527374586198082,-72.91442250149615,-26.17499535574951
2016-01-21,-24.980901451489647,-72.69898264512271,-25.710570313951266
2016-01-22,-22.714540361599145,-71.81328545780973,-24.7445662270109
2016-01-25,-24.955436720142576,-70.47277079593061,-27.029537432658312
2016-01-26,-21.721415839062864,-66.48713345302218,-28.088426527958333
2016-01-27,-21.874204227145366,-64.6439257929384,-30.131896711870652
2016-01-28,-18.792971734148168,-66.8342309994016,-29.518855656696964
2016-01-29,-17.57066462948812,-64.87133453022147,-28.96154560653904
2016-02-01,-19.276801629742756,-61.80730101735492,-26.825190414267077
2016-02-02,-26.10134963076135,-64.38061041292643,-32.082481887423306
2016-02-03,-24.471606824547955,-59.28186714542195,-35.53780419840232
2016-02-04,-22.05245734657495,-55.30819868342316,-34.850455136540916
2016-02-05,-22.434428316781208,-48.733692399760685,-39.5875905628831
2016-02-08,-23.809523809523757,-42.19030520646327,-45.01207505108671
2016-02-09,-26.279602750190946,-49.5631358467984,-44.91919004272707
2016-02-10,-28.596893302775616,-47.492519449431555,-46.62827419654464
2016-02-11,-29.61548255665899,-33.75224416517065,-44.10180196916214
2016-02-12,-26.101349630761362,-26.439257929383707,-43.87887794909897
2016-02-16,-25.99949070537302,-45.170556552962374,-42.355563812000696
2016-02-17,-23.733129615482518,-38.28845002992228,-37.32119635890761
2016-02-18,-24.166030048382947,-24.52423698384211,-38.0456994241129
2016-02-19,-24.2424242424242,-31.382405745062936,-38.10143042912869
2016-02-22,-22.84186401833457,-34.45840813883911,-33.958759056288265
2016-02-23,-26.152279093455533,-32.10053859964104,-34.1631060746795
2016-02-24,-27.32365673542141,-27.61220825852795,-33.494334014490015
2016-02-25,-27.01807995925639,-22.8007181328547,-30.354820731933795
2016-02-26,-26.152279093455522,-30.36505086774398,-29.27735463496185
2016-02-29,-25.923096511331767,-21.962896469180247,-28.682890581460086
2016-03-01,-24.548001018589204,-30.125673249551276,-30.76351476871626
2016-03-02,-23.071046600458324,-24.52423698384212,-30.02043470183906
2016-03-03,-21.390374331550753,-10.137642130460932,-27.27103845439339
2016-03-04,-20.677361853832398,-11.968880909635072,-25.301876277168777
2016-03-07,-19.78609625668445,-0.4308797127469899,-23.72283113505471
2016-03-08,-23.42755283931751,-14.542190305206582,-24.72598922533894
2016-03-09,-22.84186401833457,-15.73907839617007,-22.459595021363466
2016-03-10,-24.038706391647537,-5.62537402752854,-23.759985138398577
2016-03-11,-22.205245734657463,-14.290843806104226,-22.905443061489784
2016-03-14,-23.73312961548253,-23.147815679234075,-20.06316180568446
2016-03-15,-24.522536287242136,-20.98144823459015,-18.874233698680932
2016-03-16,-22.307104660045795,-2.202274087372935,-17.536689578301957
2016-03-17,-19.684237331296117,-9.611011370436962,-15.883336429500172
2016-03-18,-20.21899668958489,-4.3566726511072185,-13.524057217165042
2016-03-21,-20.75375604787365,-3.243566726511171,-11.462010031580794
2016-03-22,-21.212121212121172,-1.1370436864154176,-12.96674716700712
2016-03-23,-23.096511331805413,-20.789946140035987,-17.295188556566853
2016-03-24,-22.53628724216955,-19.497307001795406,-15.381757384358053
2016-03-28,-22.53628724216955,-20.239377618192776,-14.452907300761552
2016-03-29,-22.714540361599134,-5.12268102932385,-14.490061304105406
2016-03-30,-21.23758594346825,-9.886295631358555,-15.697566412780873
2016-03-31,-23.147440794499573,-11.921005385996498,-14.638677317480852
2016-04-01,-24.70078940667172,-8.22262118491931,-11.722088054987811
2016-04-04,-24.67532467532464,-15.344105326152091,-8.229611740664955
2016-04-05,-26.330532212885117,-8.509874326750545,-5.090098458108761
2016-04-06,-25.388337153042993,-7.372830640335238,-1.3932751253946773
2016-04-07,-25.821237585943436,-0.011968880909762891,-4.439903399591227
2016-04-08,-23.223834988540837,11.63375224416503,-7.09641463867724
2016-04-11,-22.816399286987497,34.86535008976644,-7.15214564369303
2016-04-12,-20.550038197097,40.09575104727692,-7.932379713914084
2016-04-13,-20.091673032849478,30.73608617594239,-5.424484488203518
2016-04-14,-21.263050674815343,18.56373429084366,-6.427642578487747
2016-04-15,-21.95059842118663,33.500897666068056,-5.443061489875445
2016-04-18,-20.906544435956175,35.24835427887476,-5.665985509938598
2016-04-19,-19.124013241660265,65.074805505685,-8.099572728961457
2016-04-20,-18.869365928189417,47.02573309395552,-7.133568642021093
2016-04-21,-19.174942704354436,58.99461400359047,-7.7466096971947955
2016-04-22,-18.130888719123973,45.3740275284259,-5.721716514954389
2016-04-25,-19.047619047619012,41.352483542788576,-6.446219580159662
2016-04-26,-14.718614718614687,57.10353081986812,-5.7217165149543785
2016-04-27,-13.827349121466737,60.742070616397136,-6.576258591863171
2016-04-28,-14.718614718614687,82.04667863554731,-7.969533717257937
2016-04-29,-14.489432136490944,114.13524835427853,-10.551736949656231
2016-05-02,-14.3875732111026,104.50029922202239,-10.161619914545705
2016-05-03,-17.086834733893518,86.31956912028696,-13.691250232212438
2016-05-04,-19.989814107461136,53.42908438061018,-17.313765558238824
2016-05-05,-19.582378405907797,67.77977259126243,-21.400705926063456
2016-05-06,-19.582378405907797,94.78156792339882,-20.1374698123722
2016-05-09,-20.855614973262014,50.999401555954236,-22.385287014675757
2016-05-10,-19.327731092436963,67.54039497306972,-22.459595021363477
2016-05-11,-19.35319582378404,84.90724117295001,-22.366710013003832
2016-05-12,-18.869365928189453,78.03710353081954,-22.979751068177524
2016-05-13,-19.862490450725744,81.80730101735456,-22.86828905814594
2016-05-16,-18.36007130124776,94.53022142429649,-22.608211034738936
2016-05-17,-17.95263559969442,112.35188509874288,-23.964332156789837
2016-05-18,-18.181818181818176,61.1968880909632,-21.549321939438915
2016-05-19,-18.563789152024444,66.51107121484112,-20.044584804012555
2016-05-20,-18.69111280875987,72.26810293237551,-18.14973063347568
2016-05-23,-19.887955182072837,63.17175344105297,-19.673044770573956
2016-05-24,-18.920295390883634,27.420706163973428,-19.041426713728338
2016-05-25,-16.322892793481024,41.24476361460179,-18.40980865688271
2016-05-26,-16.984975808505208,38.21663674446416,-16.366338472970387
2016-05-27,-17.596129360835235,18.635547576301438,-17.127995541519535
2016-05-31,-20.04074357015533,29.08438061041274,-17.05368753483182
2016-06-01,-20.19353195823783,27.26511071214821,-18.428385658554657
2016-06-02,-19.73516679399031,27.719928186714338,-18.65130967861781
2016-06-03,-18.81843646549527,74.94913225613378,-18.632732676945885
2016-06-06,-17.16322892793478,83.90185517654069,-18.001114620100257
2016-06-07,-15.788133435192231,76.42130460801886,-13.672673230540521
2016-06-08,-15.278838808250539,100.34709754637908,-12.50232212520892
2016-06-09,-15.864527629233493,112.30400957510432,-14.787293330856343
2016-06-10,-17.9526355996944,100.96947935368004,-18.7070406836336
2016-06-13,-18.86936592818943,103.65050867743828,-19.060003715400264
2016-06-14,-21.23758594346826,91.47815679233955,-20.13746981237221
2016-06-15,-20.67736185383241,116.60083782166323,-19.115734720416057
2016-06-16,-18.43646549528899,96.37342908438022,-19.022849712056388
2016-06-17,-16.60300483829892,105.08677438659441,-19.9516997956529
2016-06-20,-14.896867838044269,110.81986834230958,-18.372654653538834
2016-06-21,-13.03794244970713,91.53800119688769,-18.40980865688269
2016-06-22,-13.700025464731313,95.69120287253104,-26.936652424298636
2016-06-23,-11.81563534504707,95.66726511071175,-27.02953743265828
2016-06-24,-16.017316017316,124.476361460203,-28.237042541333736
2016-06-27,-18.538324420677345,125.56552962297975,-26.230726360765278
2016-06-28,-15.35523300229179,112.55535607420661,-25.023221252089822
2016-06-29,-11.408199643493733,129.59904248952677,-21.902284971205553
2016-06-30,-9.574738986503672,138.30041891083135,-21.12205090098448
2016-07-01,-8.326967150496534,184.90724117294977,-19.56158276054235
2016-07-05,-8.58161446396738,210.29323758228543,-20.49043284413885
2016-07-06,-9.421950598421159,251.72950329144152,-20.323239829091477
2016-07-07,-9.854851031321587,215.52363853979583,-19.76592977893358
2016-07-08,-8.530685001273197,260.15559545182447,-19.450120750510756
2016-07-11,-8.046855105678608,266.2716935966479,-16.477800483001936
2016-07-12,-6.009676597911873,220.80191502094488,-16.53353148801773
2016-07-13,-6.9009421950598115,263.6744464392571,-17.313765558238792
2016-07-14,-6.9009421950598115,260.9096349491315,-17.68530559167739
2016-07-15,-6.9009421950598115,241.44823459006508,-18.112576630131795
2016-07-18,-7.894066717596104,240.8138839018544,-15.939067434515962
2016-07-19,-8.250572956455294,218.4440454817467,-16.310607467954576
2016-07-20,-8.428826075884889,146.39138240574448,-15.1588333642949
2016-07-21,-8.734402852049893,182.80071813285392,-18.07542262678794
2016-07-22,-8.658008658008654,173.99162178336258,-17.425227568270387
2016-07-25,-11.128087598675817,136.74446439257872,-14.54579230912122
2016-07-26,-11.917494270435425,162.26211849192035,-14.73156232584052
2016-07-27,-11.968423733129596,205.36205864751574,-15.10310235927912
2016-07-28,-13.44537815126049,211.09515260323084,-14.322868289058055
2016-07-29,-12.401324166030037,249.08438061041207,-12.762400148615916
2016-08-01,-15.508021390374328,266.9419509275874,-14.545792309121207
2016-08-02,-14.820473644003041,265.050867743865,-15.586104402749301
2016-08-03,-15.940921823274767,257.0795930580482,-16.106260449563347
2016-08-04,-15.966386554621847,271.6696588868932,-14.322868289058055
2016-08-05,-15.58441558441559,233.17773788150726,-14.527215307449293
2016-08-08,-15.533486121721419,250.12567324955032,-15.97622143785985
2016-08-09,-14.998726763432636,259.94015559545096,-14.880178339215966
2016-08-10,-15.940921823274767,278.1807301017345,-16.161991454579137
2016-08-11,-14.33664374840845,266.49910233393086,-16.440646479658096
2016-08-12,-14.081996434937594,267.5284260921594,-16.180568456251066
2016-08-15,-13.750954927425518,266.36744464392484,-16.180568456251066
2016-08-16,-12.885154061624638,270.95152603231503,-16.923648523128275
2016-08-17,-12.910618792971718,258.51585876720435,-17.053687534831784
2016-08-18,-11.764705882352933,279.1861160981438,-16.96080252647212
2016-08-19,-12.579577285459631,243.9497307001786,-16.40349247631422
2016-08-22,-13.521772345301752,220.7660083782158,-17.165149544863358
2016-08-23,-13.088871912401313,199.72471573907757,-16.45922348133002
2016-08-24,-12.732365673542134,128.47396768402092,-17.295188556566863
2016-08-25,-12.859689330277568,151.2268102932369,-17.908229611740566
2016-08-26,-13.01247771836007,144.8833034111304,-18.26119264350724
2016-08-29,-12.808759867583374,146.5589467384793,-20.044584804012544
2016-08-30,-13.165266106442552,106.82226211849138,-21.475013932751153
2016-08-31,-13.776419658772577,91.14302812686962,-21.23351291101607
2016-09-01,-14.285714285714269,117.47456612806646,-25.41333828720036
2016-09-02,-12.146676852559168,155.77498503889817,-26.509381385844232
2016-09-06,-11.662846956964568,206.88210652303928,-24.633104216979284
2016-09-07,-11.484593837534973,195.99042489527153,-25.060375255433677
2016-09-08,-10.669722434428275,179.23399162178262,-26.676574400891607
2016-09-09,-12.528647822765427,120.58647516457155,-27.754040497863553
2016-09-12,-11.81563534504706,150.1496110113698,-26.323611369124933
2016-09-13,-14.693149987267596,118.07301017354823,-27.159576444361775
2016-09-14,-15.151515151515104,120.58647516457155,-27.02953743265827
2016-09-15,-14.413037942449659,122.6211849192095,-25.543377298903856
2016-09-16,-15.176979882862184,107.66008378216583,-23.685677131710836
2016-09-19,-14.845938375350098,115.3201675643322,-23.332714099944152
2016-09-20,-15.788133435192208,116.15798922800664,-23.96433215678978
2016-09-21,-14.41303794244967,165.46977857570252,-23.759985138398555
2016-09-22,-12.75783040488918,152.4236983842005,-23.295560096600298
2016-09-23,-13.521772345301697,126.09216038300363,-22.924020063161688
2016-09-26,-14.234784823020064,117.83363255535555,-22.34813301133186
2016-09-27,-14.413037942449646,103.35128665469728,-23.5370611183354
2016-09-28,-11.280875986758277,120.94554159186059,-23.369868103288027
2016-09-29,-10.720651897122412,115.43985637342851,-25.431915288872275
2016-09-30,-10.466004583651578,108.6175942549366,-24.187256176852955
2016-10-03,-9.67659791189196,97.72591262716884,-20.601894854170432
2016-10-04,-9.141838553603188,36.20586475164536,-21.456436931079224
2016-10-05,-8.250572956455226,35.846798324356314,-22.55248002972311
2016-10-06,-8.454290807231901,18.850987432674728,-25.320453278840695
2016-10-07,-7.894066717596049,24.596050269299496,-26.95522942597055
2016-10-10,-6.620830150241829,29.622980251346178,-25.33903028051263
2016-10-11,-8.887191240132331,17.05565529622952,-25.65483930893544
2016-10-12,-8.86172650878525,25.314183123877633,-25.134683262121406
2016-10-13,-9.141838553603176,34.17115499700747,-25.59910830391966
2016-10-14,-8.734402852049827,23.877917414721427,-26.992383429314426
2016-10-17,-9.600203717850697,29.14422501496081,-27.939810514582863
2016-10-18,-8.37789661319066,47.93536804308764,-26.026379342374064
2016-10-19,-8.199643493761066,62.8964691801313,-24.37302619357228
2016-10-20,-8.199643493761066,60.62238180730066,-26.026379342374074
2016-10-21,-7.690348866819385,60.86175942549337,-25.65483930893546
2016-10-24,-8.658008658008598,48.65350089766576,-24.670258220323184
2016-10-25,-8.225108225108169,61.22082585278241,-24.81887423369862
2016-10-26,-8.708938120702769,49.251944943147485,-24.856028237042473
2016-10-27,-8.326967150496511,36.20586475164542,-24.205833178524927
2016-10-28,-9.14183855360321,35.487731897067334,-25.710570313951266
2016-10-31,-9.472880061115308,45.54159186116067,-26.527958387516204
2016-11-01,-13.13980137509545,60.74207061639703,-29.1101616199145
2016-11-02,-13.394448688566296,52.244165170556236,-30.15047371354258
2016-11-03,-13.827349121466714,63.97366846199846,-30.373397733605746
2016-11-04,-14.591291061879252,55.475763016157664,-29.203046628274144
2016-11-07,-13.368983957219193,36.32555356074179,-28.218465539661842
2016-11-08,-14.744079449961756,30.819868342309718,-27.568270481144285
2016-11-09,-13.827349121466703,39.31777378815053,-29.388816644993454
2016-11-10,-13.57270180799588,9.036505086774183,-31.135054802154883
2016-11-11,-15.508021390374282,-17.414721723519012,-29.946126695151353
2016-11-14,-16.017316017315974,-12.866546977857741,-32.58406093256544
2016-11-15,-14.413037942449646,0.5385996409333682,-31.729518855656647
2016-11-16,-15.202444614209265,-8.916816277678219,-31.655210848968927
2016-11-17,-14.693149987267573,-16.69658886894092,-29.9089726918075
2016-11-18,-14.336643748408385,-17.414721723519012,-31.265093813858403
2016-11-21,-12.401324166029982,-12.507480550568694,-31.450863830577713
2016-11-22,-12.044817927170804,-8.43806104129281,-28.980122608211
2016-11-23,-12.401324166029982,-23.040095751047417,-28.23704254133379
2016-11-25,-12.732365673542068,-23.399162178336464,-26.93665242429868
2016-11-28,-14.13292589763172,-14.063435068821228,-27.140999442689907
2016-11-29,-14.642220524573391,-15.38001196888107,-29.574586661712765
2016-11-30,-10.847975553857836,-19.92818671454234,-29.630317666728544
2016-12-01,-9.880315762668623,-21.005385996409487,-32.41686791751807
2016-12-02,-9.651133180544868,-12.507480550568683,-32.58406093256544
2016-12-05,-9.651133180544868,-11.430281268701547,-30.59632175366892
2016-12-06,-9.421950598421102,-12.387791741472343,-30.949284785435594
2016-12-07,-8.607079195314405,-8.677438659485514,-28.23704254133379
2016-12-08,-7.8431372549018885,-8.43806104129281,-28.55285156975661
2016-12-09,-8.30150241914941,-22.202274087372974,-28.590005573100473
2016-12-12,-7.02826585179519,-22.082585278276635,-28.49712056474082
2016-12-13,-6.315253374076823,-20.885697187313134,-26.37934237414078
2016-12-14,-8.276037687802306,-35.48773189706774,-26.17499535574955
2016-12-15,-8.708938120702737,-47.09754637941362,-26.583689392532005
2016-12-16,-6.824548001018494,-49.49132256134061,-24.76314322868285
2016-12-19,-6.900942195059745,-49.25194494314792,-24.670258220323205
2016-12-20,-7.002801120448076,-48.77318970676252,-22.422441018019658
2016-12-21,-6.340718105423893,-50.56852184320776,-22.83113505480212
2016-12-22,-6.009676597911806,-50.44883303411141,-22.552480029723164
2016-12-23,-5.729564553093869,-48.53381208856982,-20.73193386587401
2016-12-27,-5.500381970970114,-42.78874925194505,-18.428385658554667
2016-12-28,-5.143875732110937,-37.28306403351297,-18.35407765186693
2016-12-29,-4.761904761904678,-20.04787552363867,-20.230354820731876
2016-12-30,-4.812834224598827,-33.2136445242371,-20.601894854170467
2017-01-03,-3.2340208810796134,-20.76600837821677,-19.375812743823083
2017-01-04,-2.4955436720141666,-16.93596648713359,-15.660412409437052
2017-01-05,-1.7825311942958,4.608019150209297,-15.753297417796697
2017-01-06,-3.4632034632033792,-9.395571514063572,-14.917332342559842
2017-01-09,-4.991087344028433,-5.206463195691347,-14.06279026565105
2017-01-10,-5.500381970970125,1.0173548773188212,-14.601523314137022
2017-01-11,-4.37993379169842,1.4961101137042077,-14.638677317480875
2017-01-12,-3.8451744334096483,-0.7779772591264278,-14.694408322496667
2017-01-13,-4.099821746880494,0.17953321364436725,-11.666357049972053
2017-01-17,-4.660045836516346,10.113704368641363,-12.465168121865045
2017-01-18,-5.525846702317194,-0.05984440454832596,-11.443433029908878
2017-01-19,-6.035141329258886,-0.8976660682227688,-9.437116849340432
2017-01-20,-6.187929717341378,2.4536205864750027,-9.06557681590181
2017-01-23,-6.748153806977242,9.754637941352296,-7.523685677131608
2017-01-24,-6.009676597911795,6.523040095750865,-5.40590748653158
2017-01-25,-5.7040998217467775,3.889886295631184,-5.461638491547383
2017-01-26,-6.442577030812224,-5.206463195691358,-6.186141556752666
2017-01-27,-6.850012732365585,0.17953321364436725,-6.018948541705294
2017-01-30,-8.42882607588481,-0.5385996409337235,-6.8734906186140865
2017-01-31,-8.37789661319065,6.8821065230399325,-6.390488575143916
2017-02-01,-8.352431881843547,9.634949132255954,-7.3936466654281325
2017-02-02,-8.861726508785239,16.93596648713327,-6.53910458851934
2017-02-03,-8.530685001273131,20.526630760023767,-6.613412595207057
2017-02-06,-8.785332314743977,47.69599042489505,-4.2355563812
2017-02-07,-12.452253628724119,44.46439257929362,-4.328441389559645
2017-02-08,-12.324929971988707,47.81567923399139,-2.619357235742059
2017-02-09,-12.299465240641627,33.93177737881488,0.018577001672026583
2017-02-10,-12.070282658517861,42.908438061041075,0.03715400334396435
2017-02-13,-11.739241151005775,37.283064033512645,4.254133382872105
2017-02-14,-11.942959001782437,41.95092758827028,4.402749396247541
2017-02-15,-13.929208046855024,39.67684021543965,3.938324354449274
2017-02-16,-14.23478482302003,45.541591861160754,-0.07430800668765114
2017-02-17,-14.896867838044214,36.9239976062236,1.151774103659764
2017-02-21,-13.852813852813773,31.897067624176945,3.0652052758685544
2017-02-22,-14.922332569391317,31.418312387791538,1.6161991454580082
2017-02-23,-13.77641965877251,33.093955715140424,-4.885751439717545
2017-02-24,-14.693149987267539,25.19449431478138,-4.514211406278945
2017-02-27,-13.470842882607503,-10.592459605027072,-8.508266765743933
2017-02-28,-13.623631270689994,-6.044284859365801,-7.114991640349178
2017-03-01,-12.8342245989304,-0.7779772591264278,-7.114991640349178
2017-03-02,-13.114336643748326,-25.074805505685337,-6.929221623629878
2017-03-03,-13.190730837789555,-19.569120287253273,-6.53910458851934
2017-03-06,-13.496307613954572,-33.093955715140744,-6.669143600222849
2017-03-07,-13.750954927425418,-31.5380011968882,-7.635147687163224
2017-03-08,-15.17697988286213,-33.45302214242979,-8.28534274568079
2017-03-09,-14.693149987267528,-35.846798324356776,-9.009845810886075
2017-03-10,-12.579577285459543,-26.271693596648838,-9.45569385101238
2017-03-13,-13.241660300483726,-16.696588868940886,-8.54542076908782
2017-03-14,-14.871403106697123,-31.5380011968882,-4.1426713728403675
2017-03-15,-13.980137509549163,-8.916816277678185,-4.978636448077223
2017-03-16,-13.368983957219127,-11.310592459605173,-2.637934237414019
2017-03-17,-12.706900942194931,-19.569120287253273,-2.842281255805257
2017-03-20,-12.936083524318697,-15.260323159784694,-2.69366524242981
2017-03-21,-12.808759867583264,-11.78934769599056,-6.854913616942171
2017-03-22,-13.445378151260368,-14.901256732495638,-5.257291473156178
2017-03-23,-13.267125031830773,-20.04787552363866,-5.331599479843896
2017-03-24,-13.98013750954914,-20.885697187313102,-2.229240200631566
2017-03-27,-14.056531703590391,-16.098144823459137,0.39011703511058204
2017-03-28,-13.623631270689952,-23.39916217833644,3.0837822775404478
2017-03-29,-12.324929971988652,-21.005385996409455,3.06520527586851
2017-03-30,-12.095747389864876,-24.715739078396282,3.250975292587799
2017-03-31,-12.095747389864876,-22.681029323758352,3.3995913059632343
2017-04-03,-12.401324166029903,-18.491921005386125,10.904699981423027
2017-04-04,-11.40819964349361,-15.978456014362784,12.836708155303755
2017-04-05,-11.917494270435292,-16.696588868940875,9.604309864387917
2017-04-06,-11.560988031576125,-18.132854578097067,10.979007988110755
2017-04-07,-11.255411255411097,-19.329742669060558,12.409437116849386
2017-04-10,-10.644257703081072,-17.773788150808013,16.06910644621964
2017-04-11,-9.931245225362728,-12.746858168761344,14.694408322496821
2017-04-12,-9.727527374586032,-9.156193895870857,10.291658926249369
2017-04-13,-10.898905016551918,-18.611609814482456,12.948170165335382
2017-04-17,-10.797046091163576,-21.364452423698488,12.000743080066956
2017-04-18,-11.713776419658606,-23.27947336924008,11.554895039940627
2017-04-19,-13.063407181054076,-29.38360263315389,13.505480215493293
2017-04-20,-13.037942449706996,-31.17893476959913,12.390860115177471
2017-04-21,-13.419913419913254,-32.85457809694802,13.542634218837147
2017-04-24,-12.274000509294448,-37.1633752244166,14.45290730076172
2017-04-25,-11.739241151005697,-45.541591861161045,16.589262493033672
2017-04-26,-11.739241151005697,-45.182525433872,15.233141370982795
2017-04-27,-12.40132416602988,-47.69599042489534,14.675831320824884
2017-04-28,-12.605042016806555,-46.140035906642794,16.682147501393363
2017-05-01,-12.605042016806555,-50.29922202274093,19.951699795653056
2017-05-02,-11.510058568881941,-50.83782166367451,18.484116663570592
2017-05-03,-11.662846956964446,-52.48354278874932,15.548950399405626
2017-05-04,-12.605042016806568,-57.7199281867146,9.771502879435356
2017-05-05,-10.10949834479231,-55.146618791143084,14.564369310793325
2017-05-08,-9.778456837280203,-54.78755236385404,14.13709827233891
2017-05-09,-9.982174688056878,-55.116696588869,19.357235742151314
2017-05-10,-10.847975553857747,-52.2740873728307,20.8248188742338
2017-05-11,-10.338680926916055,-47.18731298623587,20.04458480401272
2017-05-12,-9.880315762668534,-44.70377019748661,20.67620286085834
2017-05-15,-9.065444359561836,-43.89587073608626,17.36949656325477
2017-05-16,-7.715813598166377,-42.54937163375233,17.77819060003725
2017-05-17,-7.89406671759596,-38.98862956313594,13.728404235556479
2017-05-18,-7.028265851795091,-45.00299222022749,16.310607467954764
2017-05-19,-5.933282403870477,-44.823459006582965,15.493219394389834
2017-05-22,-5.882352941176306,-42.6092160383005,15.307449377670522
2017-05-23,-5.958747135217557,-48.41412327947344,12.892439160319613
2017-05-24,-6.035141329258808,-47.12746858168768,15.251718372654754
2017-05-25,-7.308377896613017,-49.28186714542198,17.722459595021455
2017-05-26,-7.282913165265937,-48.29443447037709,20.80624187256188
2017-05-30,-7.639419404125092,-50.149611011370496,24.503065205275988
2017-05-31,-7.94499618029012,-50.80789946140043,26.695151402563756
2017-06-01,-7.715813598166365,-50.92758827049677,26.453650380828652
2017-06-02,-8.556149732620167,-48.95272292040701,26.267880364109363
2017-06-05,-8.123249299719737,-48.08497905445848,29.035853613226937
2017-06-06,-7.715813598166365,-38.958707360861844,31.097900798811185
2017-06-07,-9.803921568627283,-39.25792938360272,33.6243730261937
2017-06-08,-9.829386299974384,-42.459605026930056,37.469812372283215
2017-06-09,-8.75986758339684,-45.39198084979061,32.75125394761294
2017-06-12,-8.81079704609099,-42.42968282465597,33.38287200445858
2017-06-13,-8.250572956455137,-38.599640933572786,39.6804755712429
2017-06-14,-9.931245225362717,-46.97785757031724,41.42671372840434
2017-06-15,-10.262286732874804,-46.97785757031724,39.45755155117973
2017-06-16,-8.326967150496412,-46.080191502094614,37.98996841909727
2017-06-19,-8.22510822510808,-48.29443447037708,37.395504365595485
2017-06-20,-10.924369747899032,-48.683423099940214,38.305777447520065
2017-06-21,-11.76470588235281,-46.289646918013226,39.847668586290254
2017-06-22,-11.892029539088222,-43.20766008378223,42.15121679360956
2017-06-23,-11.280875986758188,-40.15559545182532,42.46702582203239
2017-06-26,-11.179017061369867,-42.100538599641,40.256362623072704
2017-06-27,-10.491469314998591,-43.47695990424902,34.62753111647785
2017-06-28,-10.185892538833574,-41.08318372232203,37.934237414081416
2017-06-29,-11.229946524064049,-44.82345900658296,34.03306706297609
2017-06-30,-11.764705882352821,-44.284859365649375,34.34887609139889
2017-07-03,-10.82251082251069,-49.64093357271101,31.005015790451473
2017-07-05,-12.350394703335754,-48.59365649311794,21.5307449377671
2017-07-06,-12.299465240641606,-50.89766606822267,14.75013932751259
2017-07-07,-12.503183091418279,-54.15918611609819,16.36633847297051
2017-07-10,-12.579577285459543,-51.0771992818672,17.42522756827054
2017-07-11,-12.50318309141829,-50.47875523638545,21.567898941110954
2017-07-12,-11.204481792717003,-49.85038898862961,22.422441018019757
2017-07-13,-11.586452762923273,-51.88509874326754,20.15604681404428
2017-07-14,-11.000763941940328,-49.79054458408143,21.79082296117414
2017-07-17,-11.077158135981591,-48.025134649910285,18.72561768530565
2017-07-18,-11.306340718105357,-47.067624177139486,21.95801597622151
2017-07-19,-10.797046091163665,-47.45661280670262,20.843395875905692
2017-07-20,-10.61879297173407,-47.00777977259132,22.571057031395192
2017-07-21,-11.688311688311614,-46.080191502094614,22.013746981237304
2017-07-24,-12.248535777947467,-49.16217833632561,27.252461452721597
2017-07-25,-11.128087598675762,-50.000000000000064,26.17499535574965
2017-07-26,-11.280875986758254,-44.703770197486605,27.7540404978637
2017-07-27,-10.898905016551996,-47.18731298623585,24.26156418354084
2017-07-28,-10.466004583651568,-44.165170556553036,24.484488203604005
2017-07-31,-10.516934046345728,-44.254937163375295,20.174623815716195
2017-08-01,-7.639419404125181,-44.58408138839026,18.72561768530565
2017-08-02,-7.308377896613094,-46.25972471573915,21.084896897640814
2017-08-03,-7.970460911637289,-46.73847995212454,28.961545606539207
2017-08-04,-7.486631016042688,-50.359066427289115,32.6026379342375
2017-08-07,-6.417112299465133,-51.19688809096357,31.952442875719946
2017-08-08,-6.951871657753905,-50.8677438659486,35.68642021177793
2017-08-09,-7.919531448943107,-48.68342309994023,35.073379156604204
2017-08-10,-9.676597911891916,-46.22980251346507,32.04532788407959
2017-08-11,-11.026228673287386,-44.793536804308886,32.95560096600416
2017-08-14,-11.68831168831157,-47.3668461998804,35.16626416496389
2017-08-15,-11.968423733129496,-49.58108916816286,34.62753111647792
2017-08-16,-12.681436210847863,-46.22980251346509,34.83187813486914
2017-08-17,-13.165266106442452,-45.9904248952724,30.7449377670445
2017-08-18,-13.01247771835995,-46.08019150209466,29.091584618242727
2017-08-21,-13.419913419913287,-43.74625972471584,25.52480029723212
2017-08-22,-13.037942449707018,-45.48174745661291,26.82519041426723
2017-08-23,-12.808759867583252,-44.28485936564941,31.06074679546731
2017-08-24,-12.961548255665766,-43.89587073608629,31.13505480215506
2017-08-25,-12.044817927170726,-43.357271095152704,29.31450863830589
2017-08-28,-12.223071046600321,-36.923997606223935,28.422812558053234
2017-08-29,-12.477718360071165,-35.78695391980862,29.054430614898873
2017-08-30,-12.477718360071165,-38.50987432675056,31.227939810514705
2017-08-31,-11.560988031576136,-32.52543387193308,32.23109790079894
2017-09-01,-11.459129106187781,-31.388390185517768,32.04532788407963
2017-09-05,-11.000763941940262,-25.074805505685337,29.89039569013574
2017-09-06,-10.05856888209814,-28.24655894673859,28.01411852127078
2017-09-07,-9.600203717850631,-23.608617594255044,30.26193572357436
2017-09-08,-10.05856888209815,-27.67803710353092,27.586847482816435
2017-09-11,-9.447415329768116,-33.752244165170644,35.12911016162008
2017-09-12,-8.963585434173527,-31.508078994614095,34.7761471298534
2017-09-13,-8.352431881843492,-35.906642728904934,36.07653724688853
2017-09-14,-7.486631016042644,-34.20107719928196,40.312093628088604
2017-09-15,-6.85001273236554,-37.163375224416605,41.110904699981596
2017-09-18,-6.671759612935945,-41.71154997007789,43.04291287386235
2017-09-19,-5.907817672523397,-40.60442848593665,39.36466654282016
2017-09-20,-5.194805194805053,-43.68641532016765,38.91881850269385
2017-09-21,-3.9979628214920737,-45.272292040694275,36.16942225524817
2017-09-22,-3.6923860453270785,-42.93836026331547,30.447705740293674
2017-09-25,-2.622867328749534,-39.94614003590673,28.181311536318198
2017-09-26,-3.5650623885916666,-43.806104129264,28.274196544677842
2017-09-27,-3.1830914183853865,-46.529024536205945,26.676574400891862
2017-09-28,-2.1645021645020135,-45.18252543387201,26.174995355749743
2017-09-29,-2.1390374331549333,-46.34949132256142,26.732305405907653
2017-10-02,-2.240896358543265,-46.55894673848003,26.899498420955027
2017-10-03,-1.4514896867836358,-44.524236983842094,29.35166264164979
2017-10-04,-1.5788133435190699,-43.14781567923408,31.89671187070422
2017-10-05,-1.6806722689074016,-45.63135846798333,32.02675088240772
2017-10-06,-2.5719378660553516,-42.01077199281876,32.60263793423756
2017-10-09,-2.0626432391136484,-39.85637342908448,27.41965446776906
2017-10-10,-1.1713776419656985,-42.250149611011466,32.119635890767384
2017-10-11,-1.0695187165773556,-40.245362058647615,31.748095857328785
2017-10-12,-0.6620830150240065,-41.77139437462607,32.156789894111235
2017-10-13,-0.4329004329002406,-42.07061639736695,32.10105888909545
2017-10-16,-0.20371785077649696,-45.451825254338814,30.26193572357436
2017-10-17,-1.476954418130716,-45.900658288450124,32.1753668957832
2017-10-18,-1.4005602240894532,-47.1274685816877,33.624373026193744
2017-10-19,-1.3241660300482128,-46.28964691801326,30.70778376370069
2017-10-20,-1.3241660300482128,-48.62357869539207,28.21846553966203
2017-10-23,-1.222307104659881,-49.640933572711035,25.208991268809356
2017-10-24,-0.6875477463711088,-51.436265709156274,25.33903028051285
2017-10-25,-1.222307104659881,-52.72292040694202,21.06631989596892
2017-10-26,-1.5788133435190588,-54.96708557749857,21.177781906000526
2017-10-27,-0.4329004329002517,-54.45840813883909,19.208619728775922
2017-10-30,0.8912655971481387,-52.483542788749325,18.929964703696967
2017-10-31,3.565062388592022,-54.63794135248361,23.184098086568984
2017-11-01,3.7942449707157655,-54.278874925194565,19.301504737135566
2017-11-02,3.565062388592022,-52.96229802513472,11.183355006502072
2017-11-03,3.2849503437740957,-54.24895272292047,13.728404235556502
2017-11-06,5.449452508276242,-51.346499102334,12.502322125209119
2017-11-07,5.627705627705826,-52.60323159784567,13.709827233884564
2017-11-08,5.423987776929162,-51.73548773189714,13.096786178710884
2017-11-09,3.6923860453274227,-52.30400957510479,12.576630131896827
2017-11-10,2.6228673287498783,-54.45840813883909,12.576630131896827
2017-11-13,1.553348612172356,-55.38599640933579,17.183726546535503
2017-11-14,0.8658008658010807,-56.313584679832495,14.694408322496866
2017-11-15,-0.45836516424729856,-55.655296229802566,15.66041240943723
2017-11-16,-1.273236567354008,-55.47576301615804,16.106260449563557
2017-11-17,-0.45836516424729856,-53.56074207061645,17.053687534831987
2017-11-20,-0.6875477463710644,-56.01436265709161,14.71298532416878
2017-11-21,-0.3565062388589557,-55.14661879114308,18.07542262678814
2017-11-22,1.2987012987015323,-53.32136445242375,16.14341445290741
2017-11-24,1.9862490450728076,-54.1591861160982,17.239457551551297
2017-11-27,0.6111535523302569,-53.141831238779226,17.70388259334954
2017-11-28,1.6042780748665386,-54.00957510472777,17.982537618428495
2017-11-29,1.1204481792719267,-56.49311789347702,14.267137284042475
2017-11-30,2.037178507766968,-56.852184320766064,14.750139327512679
2017-12-01,1.7316017316019616,-56.55296229802518,13.895597250603897
2017-12-04,1.6297428062135966,-58.258527827648166,13.394018205461776
2017-12-05,1.171377641966087,-60.08378216636749,12.836708155303867
2017-12-06,0.789406671759818,-61.72950329144229,16.384915474642515
2017-12-07,0.10185892538854269,-63.25553560742074,15.641835407765313
2017-12-08,0.9421950598423212,-62.17833632555361,17.09084153817586
2017-12-11,1.680672268907757,-62.05864751645724,22.199516997956657
2017-12-12,3.5395976572448973,-61.81926989826455,26.71372840423567
2017-12-13,3.514132925897817,-57.480550568521885,25.970648337358494
2017-12-14,3.463203463203657,-57.6600837821664,25.5433772989041
2017-12-15,2.5719378660556957,-57.98922800718137,27.605424484488374
2017-12-18,3.997962821492429,-56.0442848593657,25.896340330670785
2017-12-19,3.488668194550737,-55.56552962298029,23.01690507152161
2017-12-20,4.278074866310355,-52.87253141831244,22.236671001300536
2017-12-21,6.1370002546474955,-51.40634350688216,23.221252089912838
2017-12-22,5.143875732111192,-49.401555954518315,20.824818874233863
2017-12-26,6.1624649859945535,-46.02034709754644,17.889652610068897
2017-12-27,6.238859180035816,-46.31956912028732,15.790451421140773
2017-12-28,6.620830150242085,-46.40933572710958,17.16514954486359
2017-12-29,7.028265851795434,-46.85816876122089,15.678989411109189
2018-01-02,7.919531448943373,-42.19030520646325,19.097157718744317
2018-01-03,9.167303284950501,-45.1526032315979,17.871075608396936
2018-01-04,9.600203717850931,-44.25493716337529,16.886494519784634
2018-01-05,9.752992105933433,-45.481747456612865,17.629574586661857
2018-01-08,9.702062643239252,-47.93536804308802,24.986067248746213
2018-01-09,9.167303284950478,-50.98743267504493,23.982909158461972
2018-01-10,9.24369747899172,-49.34171154997012,24.39160319524443
2018-01-11,10.18589253883384,-48.114901256732544,25.56195430057604
2018-01-12,11.815635345047237,-43.716337522441705,24.911759242058462
2018-01-16,8.123249299720037,-40.69419509275889,26.342188370797093
2018-01-17,9.192768016297581,-43.65649311789353,28.98012260821119
2018-01-18,9.243697478991741,-46.97785757031723,28.014118521270802
2018-01-19,7.970460911637511,-46.349491322561384,30.0390117035112
2018-01-22,10.49146931499887,-46.020347097546434,30.614898755341045
2018-01-23,10.109498344792623,-43.56672651107127,31.079323797139292
2018-01-24,11.892029539088522,-40.27528426092167,28.515697566412946
2018-01-25,11.382734912146852,-46.19988031119097,25.450492290544457
2018-01-26,11.560988031576436,-45.21244763614608,27.382500464425163
2018-01-29,10.38961038961055,-50.86774386594859,29.871818688463826
2018-01-30,9.014514896867997,-52.78276481149018,28.47854356306907
2018-01-31,8.963585434173815,-50.56852184320771,31.6366338472972
2018-02-01,10.415075120957606,-50.86774386594859,29.76035667843224
2018-02-02,4.812834224599061,-56.70257330939561,27.716886494519933
2018-02-05,1.2987012987014435,-56.31358467983249,23.778562140070726
2018-02-06,3.310415075121087,-59.78456014362661,24.07579416682164
2018-02-07,1.8589253883372736,-60.921603830041924,28.181311536318198
2018-02-08,0.7130124777184665,-60.592459605026974,17.127995541519738
2018-02-09,-0.40743570155323816,-63.31538001196891,15.326026379342505
2018-02-12,1.527883880825165,-59.51526032315982,17.313765558239048
2018-02-13,1.0695187165776332,-58.49790544584086,20.24893182240404
2018-02-14,2.8011204481793506,-52.633153800119736,19.747352777261895
2018-02-15,1.4514896867839022,-52.393776181927045,24.112948170165495
2018-02-16,0.8912655971480277,-56.7324955116697,24.65168121865147
2018-02-20,0.6366182836772039,-60.323159784560175,24.373026193572535
2018-02-21,-1.0949834479245246,-60.5026929982047,23.834293145086537
2018-02-22,-0.0509294626940715,-60.65230400957514,28.608582574772612
2018-02-23,2.1135727018080974,-59.24596050269304,30.80066877206036
2018-02-26,2.5974025974027093,-57.121484141232834,32.7884079509569
2018-02-27,0.5856888209830657,-60.801915020945586,30.41055173694984
2018-02-28,-1.044053985230331,-61.22082585278281,27.456808471112936
2018-03-01,-0.8403361344536564,-59.545182525433916,22.96117406650584
2018-03-02,-1.451489686783669,-60.02393776181931,24.50306520527603
2018-03-05,-0.28011204481780405,-59.84440454817479,23.852870146758477
2018-03-06,0.7130124777184887,-57.63016157989234,21.939438974549663
2018-03-07,0.10185892538847607,-60.44284859365654,23.462753111647938
2018-03-08,0.4838298955947229,-60.173548773189744,22.273825004644408
2018-03-09,0.9931245225364149,-60.35308198683427,21.54932193943917
2018-03-12,1.4769544181310268,-59.51526032315982,28.367081553037533
2018-03-13,0.7130124777184887,-59.96409335727113,27.010960430986653
2018-03-14,-1.0185892538832508,-59.96409335727113,21.363551922719882
2018-03-15,-0.6111535523298794,-61.0113704368642,20.973434887609365
2018-03-16,0.5347593582889054,-61.57989228007186,19.39438974549528
2018-03-19,-1.324166030048235,-60.50269299820471,16.496377484674184
2018-03-20,-0.5856888209827993,-61.66965888689412,15.381757384358362
2018-03-21,2.1899668958494045,-57.6900059844405,17.610997584990006
2018-03-22,-0.6111535523298794,-59.33572710951531,14.843024335872412
2018-03-23,-0.3819709702061358,-56.76241771394379,12.037897083410964
2018-03-26,2.92844410491484,-56.01436265709161,13.022478172023288
2018-03-27,1.7825311942960331,-58.198683423099986,3.7339773360581807
2018-03-28,0.8403361344539118,-60.891681627767845,-4.216979379527941
2018-03-29,3.2340208810798243,-59.42549371633756,-1.114620100315622
2018-04-02,1.6297428062135078,-58.13883901855181,-6.186141556752556
2018-04-03,3.6669213139802537,-59.99401555954522,-0.5944640535015644
2018-04-04,4.481792717086952,-60.32315978456019,6.6134125952073575
2018-04-05,6.748153806977442,-59.75463794135253,13.579788222181177
2018-04-06,6.340718105424092,-58.6175942549372,11.20193200817412
2018-04-09,6.086070791953246,-58.737283064033555,7.616570685491597
2018-04-10,8.938120702826712,-57.71992818671458,13.2082481887426
2018-04-11,9.651133180545092,-54.78755236385402,11.814973063347844
2018-04-12,9.651133180545092,-56.792339916217884,9.269923834293415
2018-04-13,9.396485867074244,-54.48833034111315,11.59204904328468
2018-04-16,8.78533231474421,-54.6080191502095,8.192457737321446
2018-04-17,8.607079195314626,-53.6505086774387,6.892067620286335
2018-04-18,10.847975553858058,-52.633153800119736,8.991268809214459
2018-04-19,11.204481792717225,-52.034709754638,11.499164034925036
2018-04-20,10.771581359816796,-54.39856373429088,7.8394947055547615
2018-04-23,11.815635345047259,-57.15140634350693,5.275868474828416
2018-04-24,12.65597147950106,-55.804907241173,5.313022478172269
2018-04-25,12.477718360071478,-57.36086175942554,4.291287386216114
2018-04-26,14.209320091673217,-56.7324955116697,6.0746795467214065
2018-04-27,12.6050420168069,-56.64272890484744,9.269923834293415
2018-04-30,13.547237076649044,-58.58767205266311,9.195615827605707
2018-05-01,14.081996434937816,-57.89946140035911,11.424856028237329
2018-05-02,13.827349121466991,-56.433273488928826,11.889281070035596
2018-05-03,13.903743315508233,-55.026929982046724,5.684562511610913
2018-05-04,15.457091927680388,-54.78755236385402,9.269923834293458
2018-05-07,16.348357524828305,-55.50568521843212,12.483745123537382
2018-05-08,15.431627196333263,-55.17654099341717,12.186513096786511
2018-05-09,19.124013241660485,-55.3560742070617,14.007059260635678
2018-05-10,16.832187420422894,-52.66307600239384,13.31971019877427
2018-05-11,16.70486376368745,-53.65050867743872,11.852127066691786
2018-05-14,18.15635345047124,-54.877318970676306,8.471112762400491
2018-05-15,19.14947797300752,-57.7199281867146,5.591677503251313
2018-05-16,18.94576012223086,-57.749850388988676,6.446219580160095
2018-05-17,20.168067226890905,-57.77977259126277,5.721716514954811
2018-05-18,20.65189712248552,-57.7199281867146,5.721716514954811
2018-05-21,21.69595110771596,-56.852184320766064,5.703139513282873
2018-05-22,19.91341991342006,-58.16876122082591,2.173509195616141
2018-05-23,18.283677107206664,-57.15140634350695,3.6782463310424784
2018-05-24,16.501145912910744,-55.47576301615806,3.2323982909161497
2018-05-25,12.936083524318942,-57.83961699581095,3.603938324354772
2018-05-29,13.41991341991353,-58.64751645721131,5.42448448820394
2018-05-30,16.399286987522398,-57.18132854578104,8.378227754040847
2018-05-31,16.679399032340324,-58.46798324356679,5.79602452164254
2018-06-01,16.934046345811172,-58.22860562537409,8.415381757384699
2018-06-04,17.035905271199493,-58.25852782764818,10.254504922905783
2018-06-05,17.87624140565327,-57.74985038898869,8.173880735649597
2018-06-06,17.85077667430619,-57.63016157989234,18.707040683634023
2018-06-07,20.193531958237966,-57.809694793536856,17.443804569942767
2018-06-08,19.786096256684615,-58.4380610412927,18.019691621772616
2018-06-11,19.9898141074613,-57.69000598444052,23.388445104960432
2018-06-12,17.443340972752864,-58.13883901855181,27.345346461081554
2018-06-13,17.163228927934938,-57.660083782166424,28.10700352963067
2018-06-14,18.25821237585954,-57.001795332136496,32.89986996098868
2018-06-15,14.922332569391505,-58.70736086175947,33.067062976036034
2018-06-18,15.482556659027358,-58.70736086175947,37.78562140070632
2018-06-19,14.973262032085666,-59.575104727708016,30.986438788779868
2018-06-20,13.980137509549383,-60.44284859365654,34.571800111462395
2018-06-21,12.45225362872433,-59.99401555954523,29.11016161991491
2018-06-22,16.577540106952004,-58.58767205266313,23.964332156790235
2018-06-25,12.655971479501016,-59.575104727708016,23.722831135055134
2018-06-26,14.311179017061493,-59.99401555954523,27.0666914360026
2018-06-27,15.711739241151124,-61.04129263913829,27.995541519599108
2018-06-28,16.297428062134077,-60.89168162776786,30.020434701839484
2018-06-29,16.271963330786974,-59.15619389587079,27.419654467769284
2018-07-02,15.100585688821111,-60.38300418910837,24.484488203604315
2018-07-03,16.88311688311701,-58.25852782764818,15.493219394390078
2018-07-05,17.13776419658788,-57.00179533213651,14.861601337544439
2018-07-06,16.984975808505375,-56.313584679832495,14.768716329184794
2018-07-09,18.665648077412953,-56.19389587073614,18.335500650195403
2018-07-10,19.81156098803172,-56.58288450029928,19.803083782277888
2018-07-11,14.94779730073863,-59.66487133453027,18.502693665242774
2018-07-12,15.482556659027402,-59.21603830041897,17.66672859000593
2018-07-13,15.533486121721563,-60.023937761819326,18.465539661898923
2018-07-16,13.62363127069024,-60.77199281867151,15.214564369311123
2018-07-17,13.13980137509565,-61.400359066427335,19.895968790637554
2018-07-18,12.68143621084812,-60.921603830041924,20.323239829091943
2018-07-19,13.165266106442708,-62.387791741472206,18.98569570871298
2018-07-20,13.419913419913554,-61.72950329144229,16.514954486346255
2018-07-23,12.68143621084812,-62.98623578695396,12.650938138584777
2018-07-24,14.132925897631932,-61.998803111909076,10.5145829463128
2018-07-25,14.693149987267784,-60.801915020945586,14.712985324169026
2018-07-26,13.394448688566495,-62.41771394374629,13.93275125394795
2018-07-27,13.343519225872313,-62.53740275284264,10.421697937953155
2018-07-30,13.088871912401467,-63.19569120287256,7.802340702210997
2018-07-31,14.820473644003208,-63.04608019150213,10.77466096971984
2018-08-01,13.394448688566474,-63.73429084380613,11.77781906000408
2018-08-02,11.45912910618807,-64.84141232794737,29.871818688464092
2018-08-03,11.968423733129763,-64.12327947336927,29.351662641650034
2018-08-06,12.375859434683111,-65.32016756433276,27.066691436002642
2018-08-07,13.878278584161086,-66.51705565529626,41.01801969162222
2018-08-08,13.649096002037343,-66.30760023937765,37.59985138398705
2018-08-09,10.847975553858058,-66.42728904847401,30.94928478543604
2018-08-10,9.472880061115507,-67.05565529622983,32.082481887423775
2018-08-13,8.683473389355889,-70.37701974865354,32.41686791751852
2018-08-14,8.505220269926305,-71.09515260323163,29.165892624930745
2018-08-15,5.755029284441204,-76.21184919210057,25.840609325655215
2018-08-16,6.238859180035794,-78.33632555356075,24.633104216979774
2018-08-17,6.722689075630384,-76.6008378216637,13.50548021549358
2018-08-20,7.919531448943373,-75.76301615798926,14.601523314137443
2018-08-21,8.123249299720058,-75.34410532615203,19.59873676388668
2018-08-22,9.447415329768427,-75.13464991023342,19.505851755527036
2018-08-23,9.345556404380083,-77.49850388988632,18.929964703697188
2018-08-24,10.567863509040132,-74.98503889886298,19.93312279398143
2018-08-27,11.713776419658917,-73.5188509874327,18.61415567527438
2018-08-28,10.160427807486784,-75.13464991023342,15.864759427828702
2018-08-29,10.491469314998891,-75.25433871932977,13.31971019877427
2018-08-30,10.975299210593503,-76.33153800119692,12.632361136912863
2018-08-31,9.192768016297602,-76.6307600239378,12.07505108675495
2018-09-04,8.785332314744254,-77.85757031717537,7.356492662084668
2018-09-05,8.93812070282678,-78.54578096947937,4.309864387888118
2018-09-06,7.486631016042966,-78.75523638539799,4.384172394575825
2018-09-07,7.028265851795457,-78.66546977857573,-2.1920861972874683
2018-09-10,7.181054239877982,-79.443447037702,6.074679546721495
2018-09-11,8.607079195314693,-79.62298025134653,3.826862344417936
2018-09-12,9.77845683728058,-77.49850388988632,7.9509567155864325
2018-09-13,10.567863509040198,-78.00718132854581,7.542262678803957
2018-09-14,10.160427807486826,-78.87492519449435,9.678617871075934
2018-09-17,10.109498344792666,-77.3189706762418,9.548578859372437
2018-09-18,10.924369747899366,-77.55834829443451,5.8703325283302465
2018-09-19,11.99388846447691,-75.673249551167,11.090469998142627
2018-09-20,13.496307613954905,-74.68581687612212,10.848968976407548
2018-09-21,13.750954927425752,-75.73309395571518,11.127624001486502
2018-09-24,15.151515151515383,-76.33153800119693,11.350548021549645
2018-09-25,17.952635599694666,-76.1819269898265,11.833550065019827
2018-09-26,17.799847211612164,-77.19928186714546,15.028794352591813
2018-09-27,19.353195823784297,-78.78515858767209,14.248560282370736
2018-09-28,17.392411510058814,-77.85757031717539,-1.6347761471295685
2018-10-01,19.098548510313474,-77.73788150807903,15.437488389374266
2018-10-02,19.200407435701816,-76.12208258527832,11.833550065019804
2018-10-03,19.658772599949327,-76.98982645122685,9.530001857700455
2018-10-04,19.098548510313474,-76.78037103530824,4.718558424670527
2018-10-05,18.411000763942198,-77.16935966487138,-2.6750882407576837
2018-10-08,16.653934300993377,-76.66068222621189,-6.910644621957762
2018-10-09,17.163228927935048,-77.91741472172356,-2.3592792123348527
2018-10-10,14.973262032085799,-77.46858168761226,-4.551365409622621
2018-10-11,12.3758594346832,-73.21962896469185,-6.279026565112133
2018-10-12,13.445378151260744,-73.36923997606229,-3.8454393460892855
2018-10-15,13.318054494525345,-71.9329742669061,-3.5482073193383923
2018-10-16,13.827349121467037,-72.02274087372835,2.7679732491178832
2018-10-17,12.936083524319075,-72.92040694195097,0.9845810886125905
2018-10-18,11.688311688311948,-73.18970676241776,-1.9505851755523773
2018-10-19,12.044817927171136,-72.62118491921011,-3.3995913059629346
2018-10-22,9.854851031321887,-73.36923997606229,-3.0466282741962725
2018-10-23,7.715813598166799,-72.44165170556558,9.288500835965397
2018-10-24,4.379933791698765,-73.24955116696593,7.189299647037295
2018-10-25,5.9078176725238185,-75.82286056253744,16.9793795281445
2018-10-26,4.660045836516669,-76.30161579892284,22.942597064834125
2018-10-29,4.481792717087085,-77.19928186714546,24.410180196916585
2018-10-30,7.486631016043033,-76.98982645122685,22.571057031395505
2018-10-31,10.44053985230482,-78.5457809694794,25.32045327884116
2018-11-01,8.60707919531476,-76.78037103530824,27.921233512911403
2018-11-02,5.933282403870921,-76.8701376421305,28.701467583132477
2018-11-05,8.50522026992644,-76.4213046080192,26.843767415939457
2018-11-06,8.632543926661862,-77.25912627169363,26.713728404235937
2018-11-07,9.778456837280647,-77.76780371035312,29.351662641650034
2018-11-08,5.092946269417142,-78.067025733094,30.55916775032552
2018-11-09,5.01655207537588,-79.14422501496115,30.224781720230776
2018-11-12,4.074357015533736,-80.49072411729506,23.091213078209584
2018-11-13,1.3750954927428172,-81.3584679832436,25.859186327327176
2018-11-14,2.6992615227911854,-80.4308797127469,27.809771502879844
2018-11-15,4.812834224599194,-79.29383602633158,29.46312465168164
2018-11-16,3.997962821492518,-78.45601436265713,31.63663384729749
2018-11-19,4.2016806722692035,-78.21663674446442,31.320824818874684
2018-11-20,2.1135727018082973,-78.78515858767209,29.110161619914976
2018-11-21,5.092946269417187,-77.22920406941955,25.65483930893595
2018-11-23,1.578813343519525,-79.02453620586478,21.066319895969187
2018-11-26,3.208556149732922,-79.7127468581688,28.552851569757067
2018-11-27,2.6737967914441496,-80.84979054458411,27.77261749953599
2018-11-28,3.997962821492562,-79.41352483542792,29.24020063161845
2018-11-29,3.081232492997499,-80.25134649910237,26.750882407579834
2018-11-30,2.7501909854854123,-80.70017953321369,30.224781720230776
2018-12-03,4.889228418640479,-79.77259126271696,33.19710198773962
2018-12-04,4.278074866310466,-79.65290245362063,33.64295002786592
2018-12-06,0.814871403106987,-79.44344703770201,34.88760913988524
2018-12-07,0.6111535523303013,-77.64811490125678,32.99275496934837
2018-12-10,0.25464731347111247,-78.21663674446442,35.66784321010632
2018-12-11,-0.4838298955943343,-77.79772591262721,36.262307263608086
2018-12-12,-0.5602240896355859,-76.81029323758233,36.20657625859229
2018-12-13,0.05092946269444898,-76.92998204667867,39.99628459966607
2018-12-14,-1.5533486121718787,-78.2764811490126,35.872190228497544
2018-12-17,-2.1899668958489937,-76.06223818073015,29.4445476500097
2018-12-18,-3.6923860453269564,-74.29682824655899,25.227568270481516
2018-12-19,-4.125286478227386,-77.73788150807903,23.70425413338324
2018-12-20,-5.118411000763679,-75.25433871932978,17.183726546535727
2018-12-21,-4.074357015533215,-75.52363853979658,18.799925691993668
2018-12-24,-6.671759612935824,-73.36923997606229,9.752925877763662
2018-12-26,-3.0812324929969104,-74.80550568521849,21.15920490432881
2018-12-27,-3.921568627450711,-73.78815080789951,17.462381571614706
2018-12-28,-2.902979373567316,-74.41651705565535,24.038640163477986
2018-12-31,-3.437738731856088,-72.44165170556559,23.648523128367472
2019-01-02,-1.7316017316014176,-72.2022740873729,15.214564369311168
2019-01-03,-1.1713776419655542,-69.18013165769008,11.592049043284769
2019-01-04,1.9353195823787361,-69.71873129862365,18.03826862344453
2019-01-07,2.2663610898908226,-70.85577498503896,24.44733420026044
2019-01-08,1.9353195823787361,-70.25733093955722,24.5959502136359
2019-01-09,2.7756557168325147,-69.3596648713346,25.78487832063945
2019-01-10,3.6414565826333956,-71.21484141232801,28.16273453464653
2019-01-11,2.4700789406675083,-71.33453022142436,29.01727661155533
2019-01-14,2.928444104915018,-71.57390783961705,24.242987181869257
2019-01-15,2.4700789406675083,-73.04009575104735,27.97696451792726
2019-01-16,2.16450216450248,-72.92040694195099,28.571428571429024
2019-01-17,2.18996689584956,-72.62118491921011,29.035853613227292
2019-01-18,3.7942449707158543,-75.13464991023343,12.297975106818182
2019-01-22,2.0626432391141147,-74.71573907839623,11.05331599479884
2019-01-23,2.1645021645024354,-74.35667265110717,6.854913616942615
2019-01-24,2.139037433155355,-74.62597247157396,8.303919747353161
2019-01-25,2.139037433155355,-72.08258527827654,10.36596693293741
2019-01-28,0.7639419404128045,-70.16756433273495,10.124465911202329
2019-01-29,2.368220015279121,-68.34230999401562,10.514582946312867
2019-01-30,3.5650623885920885,-67.29503291442258,14.712985324169093
2019-01-31,4.710975299210873,-65.23040095751055,14.062790265651536
2019-02-01,5.271199388846748,-65.58946738479959,15.994798439532287
2019-02-04,5.398523045582171,-66.78635547576309,16.25487646293933
2019-02-05,9.039979628215233,-65.91861160981456,19.394389745495523
2019-02-06,9.600203717851086,-68.01316576900066,17.85249860672531
2019-02-07,8.734402852050227,-69.47935368043095,14.248560282370848
2019-02-08,8.199643493761455,-67.44464392579302,13.616942225525207
2019-02-11,7.486631016043099,-68.82106523040103,16.23629946126739
2019-02-12,8.021390374331872,-68.55176540993423,15.846182426156851
2019-02-13,8.581614463967725,-68.76122082585286,14.49006130410595
2019-02-14,6.620830150242218,-67.56433273488936,12.855285156976093
2019-02-15,7.690348866819763,-65.64931178934778,14.397176295746306
2019-02-19,7.919531448943551,-61.40035906642738,13.561211220509461
2019-02-20,8.174178762414375,-61.041292639138334,12.409437116849764
2019-02-21,7.690348866819785,-63.37522441651714,8.21103473899354
2019-02-22,8.123249299720214,-63.01615798922809,9.492847854356711
2019-02-25,8.250572956455638,-64.99102333931785,10.99758498978305
2019-02-26,8.27603768780274,-64.24296828246567,10.663198959688302
2019-02-27,9.09090909090946,-66.48713345302222,16.942225524800712
2019-02-28,8.60707919531485,-67.65409934171163,18.855656697009525
2019-03-01,8.428826075885265,-70.526630760024,9.530001857700565
2019-03-04,8.58161446396779,-70.64631956912035,6.018948541705749
2019-03-05,8.836261777438636,-70.58647516457216,2.7493962474460343
2019-03-06,8.734402852050295,-72.74087372830647,2.637934237414452
2019-03-07,8.55614973262071,-71.9628964691802,2.76797324911795
2019-03-08,7.588489941431509,-68.46199880311197,5.573100501579398
2019-03-11,7.792207792208172,-69.21005385996415,8.080995727289974
2019-03-12,8.123249299720282,-67.4745661280671,5.2758684748285045
2019-03-13,11.611917494270818,-66.42728904847404,7.35649266208469
2019-03-14,11.917494270435846,-69.1202872531419,7.7280326955233125
2019-03-15,11.713776419659162,-68.55176540993423,2.340702210663559
2019-03-18,12.655971479501304,-69.41950927588276,0.130039011703853
2019-03-19,13.241660300484238,-69.00059844404554,-0.6316180568452734
2019-03-20,13.39444868856674,-66.57690005984446,1.6533531488021502
2019-03-21,13.39444868856674,-66.42728904847404,1.8019691621775857
2019-03-22,11.917494270435846,-67.6540993417116,-1.7090841538172308
2019-03-25,10.847975553858301,-65.43985637342915,-3.2509752925874436
2019-03-26,11.58645276292376,-65.43985637342915,-0.5201560468136912
2019-03-27,11.000763941940829,-67.20526630760031,2.1177781906004167
2019-03-28,11.10262286732915,-70.67624177139443,3.511053315995172
2019-03-29,11.331805449452892,-70.64631956912035,3.9754783577934383
